Champion,PickBanRate,WinRate
Yone,0.867,1.0
Taliyah,0.5329999999999999,0.625
Ahri,0.4,0.33299999999999996
Azir,0.4,0.375
Sylas,0.3,0.667
Jayce,0.33299999999999996,0.5
Viktor,0.233,0.4
Ziggs,0.233,0.5
Cassiopeia,0.2,0.0
Ryze,0.2,0.33299999999999996
Annie,0.267,0.5
Corki,0.267,0.33299999999999996
Orianna,0.16699999999999998,0.5
Tristana,0.133,1.0
Galio,0.1,0.0
Hwei,0.067,0.5
Aurora,0.067,0.0
Akali,0.067,0.0
Neeko,0.6,0.0
LeBlanc,0.033,1.0
