Champion,PickBanRate,WinRate
Neeko,0.6,0.75
Rumble,0.5329999999999999,0.0
Nautilus,0.36700000000000005,0.7140000000000001
Alistar,0.3,0.667
Bard,0.3,0.5
Rakan,0.267,0.28600000000000003
Karma,0.267,1.0
Leona,0.233,0.16699999999999998
Braum,0.233,0.2
Rell,0.2,0.667
Renata Glasc,0.16699999999999998,0.5
Lulu,0.133,0.33299999999999996
Nami,0.1,0.667
Milio,0.1,0.33299999999999996
Elise,0.033,1.0
Blitzcrank,0.033,-1.0
