{
  "Renekton": {
    "kr": [
      2.0367026428524166,
      -7.470925849050649,
      9.65379465425405,
      -5.546938823554436,
      1.4308861884732662,
      0.383373481531132
    ],
    "eu": [
      -1.203129350566902,
      2.272359140852689,
      -0.8009555547108254,
      -0.6643375970987287,
      0.40642333819811854,
      0.4643959250851809
    ],
    "na": [
      -14.816140409376796,
      39.09159351366188,
      -37.87375103001087,
      16.483472560556415,
      -3.2187168908605757,
      0.731079681638047
    ]
  },
  "Jax": {
    "kr": [
      1.9519311374346933,
      -5.212840805547525,
      4.7671538535118545,
      -1.7241988154132897,
      0.18675675393509308,
      0.4998897531262884
    ],
    "eu": [
      1.2905369471604018,
      -4.071237122080733,
      4.237999490651416,
      -1.7225421714552256,
      0.25131702454588406,
      0.4995715414664008
    ],
    "na": [
      2.3100812943001423,
      -6.276866117448498,
      5.855616171237979,
      -2.1258154332847097,
      0.23798037655315724,
      0.5000942288365231
    ]
  }
}