{
  "Renekton": {
    "kr": {
      "time": [
        0.14285714285714285,
        0.17142857142857143,
        0.2,
        0.22857142857142856,
        0.2571428571428571,
        0.2857142857142857,
        0.3142857142857143,
        0.34285714285714286,
        0.37142857142857144,
        0.4,
        0.42857142857142855,
        0.45714285714285713,
        0.4857142857142857,
        0.5142857142857142,
        0.5428571428571428,
        0.5714285714285714,
        0.6,
        0.6285714285714286,
        0.6571428571428571,
        0.6857142857142857,
        0.7142857142857143,
        0.7428571428571429,
        0.7714285714285715,
        0.8,
        0.8285714285714286,
        0.8571428571428571,
        0.8857142857142857,
        0.9142857142857143,
        0.9428571428571428,
        0.9714285714285714,
        1.0
      ],
      "y": [
        0.5015999999999999,
        0.5082,
        0.511,
        0.5142,
        0.5203,
        0.5192,
        0.5185,
        0.5173,
        0.5159,
        0.5165,
        0.5146999999999999,
        0.5128,
        0.5196999999999999,
        0.5196999999999999,
        0.5189,
        0.5189,
        0.5175,
        0.517,
        0.5182,
        0.5245000000000001,
        0.53,
        0.5278,
        0.5299,
        0.5323,
        0.5311,
        0.5239,
        0.5222,
        0.5161,
        0.4989,
        0.48450000000000004,
        0.49810000000000004
      ],
      "s": 0
    },
    "eu": {
      "time": [
        0.14285714285714285,
        0.17142857142857143,
        0.2,
        0.22857142857142856,
        0.2571428571428571,
        0.2857142857142857,
        0.3142857142857143,
        0.34285714285714286,
        0.37142857142857144,
        0.4,
        0.42857142857142855,
        0.45714285714285713,
        0.4857142857142857,
        0.5142857142857142,
        0.5428571428571428,
        0.5714285714285714,
        0.6,
        0.6285714285714286,
        0.6571428571428571,
        0.6857142857142857,
        0.7142857142857143,
        0.7428571428571429,
        0.7714285714285715,
        0.8,
        0.8285714285714286,
        0.8571428571428571,
        0.8857142857142857,
        0.9142857142857143,
        0.9428571428571428,
        0.9714285714285714,
        1.0
      ],
      "y": [
        0.509,
        0.5095000000000001,
        0.5167,
        0.5175,
        0.5209,
        0.5217,
        0.5207,
        0.5191,
        0.5164,
        0.5155,
        0.5124,
        0.5086999999999999,
        0.5067,
        0.5034000000000001,
        0.5022,
        0.5011,
        0.499,
        0.4975,
        0.49479999999999996,
        0.4913,
        0.48840000000000006,
        0.4861,
        0.48719999999999997,
        0.496,
        0.4926,
        0.491,
        0.4926,
        0.4928,
        0.4764,
        0.4767,
        0.4792
      ],
      "s": 0
    },
    "na": {
      "time": [
        0.14285714285714285,
        0.17142857142857143,
        0.2,
        0.22857142857142856,
        0.2571428571428571,
        0.2857142857142857,
        0.3142857142857143,
        0.34285714285714286,
        0.37142857142857144,
        0.4,
        0.42857142857142855,
        0.45714285714285713,
        0.4857142857142857,
        0.5142857142857142,
        0.5428571428571428,
        0.5714285714285714,
        0.6,
        0.6285714285714286,
        0.6571428571428571,
        0.6857142857142857,
        0.7142857142857143,
        0.7428571428571429,
        0.7714285714285715,
        0.8,
        0.8285714285714286,
        0.8571428571428571,
        0.8857142857142857,
        0.9142857142857143,
        0.9428571428571428,
        0.9714285714285714,
        1.0
      ],
      "y": [
        0.5041,
        0.5036999999999999,
        0.5102,
        0.5083,
        0.511,
        0.5089,
        0.5061,
        0.5043,
        0.5015,
        0.49579999999999996,
        0.49329999999999996,
        0.4917,
        0.4907,
        0.488,
        0.48310000000000003,
        0.4828,
        0.4807,
        0.4753,
        0.4658,
        0.4633,
        0.4576,
        0.4556,
        0.45280000000000004,
        0.4485,
        0.4631,
        0.4863,
        0.4899,
        0.4753,
        0.46759999999999996,
        0.4521,
        0.3766
      ],
      "s": 0
    }
  },
  "Jax": {
    "kr": {
      "time": [
        0.14285714285714285,
        0.17142857142857143,
        0.2,
        0.22857142857142856,
        0.2571428571428571,
        0.2857142857142857,
        0.3142857142857143,
        0.34285714285714286,
        0.37142857142857144,
        0.4,
        0.42857142857142855,
        0.45714285714285713,
        0.4857142857142857,
        0.5142857142857142,
        0.5428571428571428,
        0.5714285714285714,
        0.6,
        0.6285714285714286,
        0.6571428571428571,
        0.6857142857142857,
        0.7142857142857143,
        0.7428571428571429,
        0.7714285714285715,
        0.8,
        0.8285714285714286,
        0.8571428571428571,
        0.8857142857142857,
        0.9142857142857143,
        0.9428571428571428,
        0.9714285714285714,
        1.0
      ],
      "y": [
        0.5042,
        0.4993,
        0.49700000000000005,
        0.49810000000000004,
        0.4938,
        0.4938,
        0.49340000000000006,
        0.4905,
        0.48979999999999996,
        0.48969999999999997,
        0.48969999999999997,
        0.48969999999999997,
        0.4935,
        0.4946,
        0.4975,
        0.5004,
        0.4966,
        0.4926,
        0.4947,
        0.4935,
        0.4953,
        0.5005,
        0.5023,
        0.4938,
        0.4911,
        0.4752,
        0.4758,
        0.47600000000000003,
        0.47479999999999994,
        0.47909999999999997,
        0.4645
      ],
      "s": 0
    },
    "eu": {
      "time": [
        0.14285714285714285,
        0.17142857142857143,
        0.2,
        0.22857142857142856,
        0.2571428571428571,
        0.2857142857142857,
        0.3142857142857143,
        0.34285714285714286,
        0.37142857142857144,
        0.4,
        0.42857142857142855,
        0.45714285714285713,
        0.4857142857142857,
        0.5142857142857142,
        0.5428571428571428,
        0.5714285714285714,
        0.6,
        0.6285714285714286,
        0.6571428571428571,
        0.6857142857142857,
        0.7142857142857143,
        0.7428571428571429,
        0.7714285714285715,
        0.8,
        0.8285714285714286,
        0.8571428571428571,
        0.8857142857142857,
        0.9142857142857143,
        0.9428571428571428,
        0.9714285714285714,
        1.0
      ],
      "y": [
        0.5123,
        0.5088,
        0.5063,
        0.5044,
        0.5075,
        0.5065,
        0.5052,
        0.5043,
        0.5052,
        0.5052,
        0.5073,
        0.5085000000000001,
        0.5106,
        0.5111,
        0.5141,
        0.515,
        0.5146999999999999,
        0.519,
        0.5186999999999999,
        0.5209,
        0.5234000000000001,
        0.5247999999999999,
        0.5246999999999999,
        0.5267000000000001,
        0.5292,
        0.528,
        0.5178,
        0.5068,
        0.4889,
        0.4707,
        0.5065
      ],
      "s": 0
    },