Champion,PickBanRate,WinRate
Gwen,0.69,0.25
Rumble,0.586,0.5710000000000001
Jayce,0.586,0.0
Ambessa,0.345,0.7140000000000001
Jax,0.345,1.0
Sion,0.24100000000000002,0.429
K'Sante,0.207,0.2
Renekton,0.207,0.2
Yorick,0.207,0.5
Gnar,0.207,0.25
Aatrox,0.172,0.5
Olaf,0.172,0.667
Galio,0.172,1.0
Camille,0.138,1.0
Ornn,0.034,1.0
Cho'Gath,0.034,0.0
Nidalee,0.034,0.0
