Champion,PickBanRate,WinRate
Yone,0.7929999999999999,1.0
Jayce,0.586,1.0
Ahri,0.552,0.429
Azir,0.483,0.667
Taliyah,0.379,0.625
Annie,0.31,0.33299999999999996
Viktor,0.276,0.0
Akali,0.24100000000000002,0.33299999999999996
Aurora,0.207,1.0
Ryze,0.207,0.25
Galio,0.172,0.5
Orianna,0.172,0.75
Tristana,0.172,0.5
Sylas,0.10300000000000001,0.667
Syndra,0.069,0.0
Cassiopeia,0.069,-1.0
LeBlanc,0.069,-1.0
Hwei,0.034,0.0
Ziggs,0.034,0.0
Xerath,0.034,-1.0
