Champion,PickBanRate,WinRate
Varus,0.621,0.28600000000000003
Lucian,0.621,0.6
Kalistar,0.517,1.0
Ezreal,0.414,0.429
Miss Fortune,0.345,0.6
Senna,0.31,0.5
Ashe,0.31,0.0
Jhin,0.207,0.5
Tristana,0.172,0.0
Kai'sa,0.172,0.33299999999999996
Xayah,0.172,1.0
Caitlyn,0.10300000000000001,1.0
Smolder,0.10300000000000001,1.0
Yasuo,0.069,1.0
Zeri,0.069,0.5
Corki,0.034,0.0
Jinx,0.034,0.0
