Champion,PickBanRate,WinRate
Nautilus,0.586,0.33299999999999996
Neeko,0.44799999999999995,0.5710000000000001
Alistar,0.345,0.5
Rell,0.24100000000000002,0.14300000000000002
Rakan,0.24100000000000002,0.833
Braum,0.24100000000000002,0.667
Karma,0.207,0.5
Galio,0.172,0.0
Nami,0.172,0.4
Leona,0.172,0.5
Renata Glasc,0.138,1.0
Lulu,0.10300000000000001,0.5
Bard,0.069,0.0
Blitzcrank,0.034,1.0
Gragas,0.034,1.0
Milio,0.034,1.0
Seraphine,0.034,0.0
Lux,0.034,-1.0
Thresh,0.034,-1.0
